first_name,last_name,email,phone
Kyle,Love,kyle.snell@example.com,415-555-1212
Lady,Sxu,lady@example.com,415-555-1212
Draby,Sancy,draby@example.com,415-555-1212
Dorry,Sneg,dorry@example.com,415-555-1212
Gary,Sell,gary@example.com,415-555-1212
Nancy,Bella,nancy@example.com,415-555-1212
Carry,Sne,carry@example.com,415-555-1212
Jordan,Slack,jordan@example.com,415-555-1212
Brob,Nickle,brob@example.com,415-555-1212